scene,engine,samples,time_ms,peak_mem_mb,ssim_to_cycles,mean_ratio_cpu_gpu,astroray_pyd,astroray_pyd_mtime,skip_reason
camera_lens,cycles-cpu,192,6222.666,620.5,1.000000,,,,
camera_lens,cycles-cuda,192,3428.438,690.6,1.000000,,,,
camera_lens,astroray-cpu,192,20412.819,308.8,0.999735,,C:\Users\hgcom\OneDrive\Astroray\Astroray_repo\Astroray\build_cuda\astroray.cp313-win_amd64.pyd,1791117970.823,
camera_lens,astroray-gpu,192,2677.245,1120.9,0.999654,"1.0000,1.0001,1.0000",C:\Users\hgcom\OneDrive\Astroray\Astroray_repo\Astroray\build_cuda\astroray.cp313-win_amd64.pyd,1791117970.823,
camera_lens_ortho,cycles-cpu,64,2650.004,467.5,1.000000,,,,
camera_lens_ortho,cycles-cuda,64,2705.635,535.4,1.000000,,,,
camera_lens_ortho,astroray-cpu,64,2333.671,240.2,0.999484,,C:\Users\hgcom\OneDrive\Astroray\Astroray_repo\Astroray\build_cuda\astroray.cp313-win_amd64.pyd,1791117970.823,
camera_lens_ortho,astroray-gpu,64,2180.801,1022.3,0.999484,"1.0000,1.0000,1.0000",C:\Users\hgcom\OneDrive\Astroray\Astroray_repo\Astroray\build_cuda\astroray.cp313-win_amd64.pyd,1791117970.823,
geometry_zoo,cycles-cpu,96,3781.120,609.7,1.000000,,,,
geometry_zoo,cycles-cuda,96,3182.971,687.1,0.999994,,,,
geometry_zoo,astroray-cpu,96,11302.205,325.8,0.989423,,C:\Users\hgcom\OneDrive\Astroray\Astroray_repo\Astroray\build_cuda\astroray.cp313-win_amd64.pyd,1791117970.823,
geometry_zoo,astroray-gpu,96,2281.850,976.9,0.988398,"0.9930,0.9988,0.9983",C:\Users\hgcom\OneDrive\Astroray\Astroray_repo\Astroray\build_cuda\astroray.cp313-win_amd64.pyd,1791117970.823,
lighting_studio,cycles-cpu,256,3567.867,510.9,1.000000,,,,
lighting_studio,cycles-cuda,256,3297.526,575.1,1.000000,,,,
lighting_studio,astroray-cpu,256,7790.004,290.2,0.998114,,C:\Users\hgcom\OneDrive\Astroray\Astroray_repo\Astroray\build_cuda\astroray.cp313-win_amd64.pyd,1791117970.823,
lighting_studio,astroray-gpu,256,2362.047,1050.4,0.998110,"0.9898,0.9913,0.9906",C:\Users\hgcom\OneDrive\Astroray\Astroray_repo\Astroray\build_cuda\astroray.cp313-win_amd64.pyd,1791117970.823,
materials_hall,cycles-cpu,256,5552.608,580.6,1.000000,,,,
materials_hall,cycles-cuda,256,3522.092,647.8,1.000000,,,,
materials_hall,astroray-cpu,256,15379.578,344.6,0.988932,,C:\Users\hgcom\OneDrive\Astroray\Astroray_repo\Astroray\build_cuda\astroray.cp313-win_amd64.pyd,1791117970.823,
materials_hall,astroray-gpu,256,2829.447,1134.2,0.988781,"0.9995,0.9990,0.9991",C:\Users\hgcom\OneDrive\Astroray\Astroray_repo\Astroray\build_cuda\astroray.cp313-win_amd64.pyd,1791117970.823,
render_settings,cycles-cpu,128,4494.346,603.0,1.000000,,,,
render_settings,cycles-cuda,128,3239.218,673.9,1.000000,,,,
render_settings,astroray-cpu,128,9372.327,314.8,0.983182,,C:\Users\hgcom\OneDrive\Astroray\Astroray_repo\Astroray\build_cuda\astroray.cp313-win_amd64.pyd,1791117970.823,
render_settings,astroray-gpu,128,2400.571,1083.7,0.983043,"1.0001,0.9999,0.9999",C:\Users\hgcom\OneDrive\Astroray\Astroray_repo\Astroray\build_cuda\astroray.cp313-win_amd64.pyd,1791117970.823,
textures_mapping,cycles-cpu,192,7916.404,845.0,1.000000,,,,
textures_mapping,cycles-cuda,192,4811.701,932.7,0.999666,,,,
textures_mapping,astroray-cpu,192,23402.007,524.7,0.959613,,C:\Users\hgcom\OneDrive\Astroray\Astroray_repo\Astroray\build_cuda\astroray.cp313-win_amd64.pyd,1791117970.823,
textures_mapping,astroray-gpu,192,4558.237,1319.9,0.956650,"0.9883,0.9867,0.9862",C:\Users\hgcom\OneDrive\Astroray\Astroray_repo\Astroray\build_cuda\astroray.cp313-win_amd64.pyd,1791117970.823,
volumes_smoke,cycles-cpu,128,6452.241,660.1,1.000000,,,,
volumes_smoke,cycles-cuda,128,3417.097,736.1,0.999998,,,,
volumes_smoke,astroray-cpu,128,10650.428,334.5,0.932102,,C:\Users\hgcom\OneDrive\Astroray\Astroray_repo\Astroray\build_cuda\astroray.cp313-win_amd64.pyd,1791117970.823,
volumes_smoke,astroray-gpu,128,2570.549,1115.5,0.933775,"1.0004,1.0002,1.0000",C:\Users\hgcom\OneDrive\Astroray\Astroray_repo\Astroray\build_cuda\astroray.cp313-win_amd64.pyd,1791117970.823,
world_sky_hdri,cycles-cpu,128,4639.687,723.7,1.000000,,,,
world_sky_hdri,cycles-cuda,128,3295.641,722.9,0.999806,,,,
world_sky_hdri,astroray-cpu,128,7229.964,283.9,0.806519,,C:\Users\hgcom\OneDrive\Astroray\Astroray_repo\Astroray\build_cuda\astroray.cp313-win_amd64.pyd,1791117970.823,
world_sky_hdri,astroray-gpu,128,2432.940,957.4,0.803627,"0.9864,0.9909,0.9925",C:\Users\hgcom\OneDrive\Astroray\Astroray_repo\Astroray\build_cuda\astroray.cp313-win_amd64.pyd,1791117970.823,
world_sky_sky,cycles-cpu,128,4403.223,532.3,1.000000,,,,
world_sky_sky,cycles-cuda,128,3210.573,596.7,0.999822,,,,
world_sky_sky,astroray-cpu,128,10713.937,314.6,0.964088,,C:\Users\hgcom\OneDrive\Astroray\Astroray_repo\Astroray\build_cuda\astroray.cp313-win_amd64.pyd,1791117970.823,
world_sky_sky,astroray-gpu,128,4868.634,982.3,0.963546,"0.9887,0.9910,0.9951",C:\Users\hgcom\OneDrive\Astroray\Astroray_repo\Astroray\build_cuda\astroray.cp313-win_amd64.pyd,1791117970.823,
v2_camera_geometry,cycles-cpu,64,3864.142,367.5,1.000000,,,,
v2_camera_geometry,cycles-cuda,64,2734.239,445.0,0.995840,,,,
v2_camera_geometry,astroray-cpu,64,7348.425,288.5,0.885917,,C:\Users\hgcom\OneDrive\Astroray\Astroray_repo\Astroray\build_cuda\astroray.cp313-win_amd64.pyd,1791117970.823,
v2_camera_geometry,astroray-gpu,64,2337.749,958.2,0.886214,"1.0008,1.0028,1.0030",C:\Users\hgcom\OneDrive\Astroray\Astroray_repo\Astroray\build_cuda\astroray.cp313-win_amd64.pyd,1791117970.823,
v2_dispersion_caustics,cycles-cpu,64,3376.441,358.6,1.000000,,,,
v2_dispersion_caustics,cycles-cuda,64,2893.790,442.9,0.999989,,,,
v2_dispersion_caustics,astroray-cpu,64,5224.686,269.6,0.679289,,C:\Users\hgcom\OneDrive\Astroray\Astroray_repo\Astroray\build_cuda\astroray.cp313-win_amd64.pyd,1791117970.823,
v2_dispersion_caustics,astroray-gpu,64,2800.258,1202.2,0.701876,"1.0790,0.9182,1.2476",C:\Users\hgcom\OneDrive\Astroray\Astroray_repo\Astroray\build_cuda\astroray.cp313-win_amd64.pyd,1791117970.823,
v2_light_tree,cycles-cpu,64,4504.396,360.0,1.000000,,,,
v2_light_tree,cycles-cuda,64,2881.735,421.6,1.000000,,,,
v2_light_tree,astroray-cpu,64,13176.376,254.3,0.992051,,C:\Users\hgcom\OneDrive\Astroray\Astroray_repo\Astroray\build_cuda\astroray.cp313-win_amd64.pyd,1791117970.823,
v2_light_tree,astroray-gpu,64,2484.304,1041.4,0.992095,"0.9994,0.9994,1.0003",C:\Users\hgcom\OneDrive\Astroray\Astroray_repo\Astroray\build_cuda\astroray.cp313-win_amd64.pyd,1791117970.823,
v2_media,cycles-cpu,64,5813.768,483.9,1.000000,,,,
v2_media,cycles-cuda,64,2985.854,523.7,0.999993,,,,
v2_media,astroray-cpu,64,5684.806,266.4,0.985348,,C:\Users\hgcom\OneDrive\Astroray\Astroray_repo\Astroray\build_cuda\astroray.cp313-win_amd64.pyd,1791117970.823,
v2_media,astroray-gpu,64,2409.753,1053.4,0.986077,"0.9971,0.9955,0.9879",C:\Users\hgcom\OneDrive\Astroray\Astroray_repo\Astroray\build_cuda\astroray.cp313-win_amd64.pyd,1791117970.823,
v2_sky_sun,cycles-cpu,64,2775.856,371.5,1.000000,,,,
v2_sky_sun,cycles-cuda,64,2638.887,446.3,1.000000,,,,
v2_sky_sun,astroray-cpu,64,6045.186,310.7,0.997859,,C:\Users\hgcom\OneDrive\Astroray\Astroray_repo\Astroray\build_cuda\astroray.cp313-win_amd64.pyd,1791117970.823,
v2_sky_sun,astroray-gpu,64,4708.321,1079.6,0.997862,"1.0000,1.0001,1.0001",C:\Users\hgcom\OneDrive\Astroray\Astroray_repo\Astroray\build_cuda\astroray.cp313-win_amd64.pyd,1791117970.823,
v2_textures_opvm,cycles-cpu,64,2735.800,365.5,1.000000,,,,
v2_textures_opvm,cycles-cuda,64,2623.850,434.5,1.000000,,,,
v2_textures_opvm,astroray-cpu,64,3856.844,286.9,0.989931,,C:\Users\hgcom\OneDrive\Astroray\Astroray_repo\Astroray\build_cuda\astroray.cp313-win_amd64.pyd,1791117970.823,
v2_textures_opvm,astroray-gpu,64,2289.063,1075.6,0.986693,"0.9987,0.9988,0.9997",C:\Users\hgcom\OneDrive\Astroray\Astroray_repo\Astroray\build_cuda\astroray.cp313-win_amd64.pyd,1791117970.823,
v2_thin_film_metals,cycles-cpu,64,3305.558,368.4,1.000000,,,,
v2_thin_film_metals,cycles-cuda,64,2778.710,445.9,0.999999,,,,
v2_thin_film_metals,astroray-cpu,64,5889.437,284.6,0.974926,,C:\Users\hgcom\OneDrive\Astroray\Astroray_repo\Astroray\build_cuda\astroray.cp313-win_amd64.pyd,1791117970.823,
v2_thin_film_metals,astroray-gpu,64,2398.866,1075.5,0.973376,"1.0076,1.0045,1.0012",C:\Users\hgcom\OneDrive\Astroray\Astroray_repo\Astroray\build_cuda\astroray.cp313-win_amd64.pyd,1791117970.823,
v2_viewport,cycles-cpu,64,3507.195,381.9,1.000000,,,,
v2_viewport,cycles-cuda,64,2731.886,449.1,0.999996,,,,
v2_viewport,astroray-cpu,64,6519.428,389.3,0.706486,,C:\Users\hgcom\OneDrive\Astroray\Astroray_repo\Astroray\build_cuda\astroray.cp313-win_amd64.pyd,1791117970.823,
v2_viewport,astroray-gpu,64,2561.172,1183.8,0.705581,"0.9999,1.0000,1.0000",C:\Users\hgcom\OneDrive\Astroray\Astroray_repo\Astroray\build_cuda\astroray.cp313-win_amd64.pyd,1791117970.823,
vm_camera_inside,cycles-cpu,64,4196.489,360.3,1.000000,,,,
vm_camera_inside,cycles-cuda,64,2770.292,439.0,0.997945,,,,
vm_camera_inside,astroray-cpu,64,6029.003,248.3,0.096304,,C:\Users\hgcom\OneDrive\Astroray\Astroray_repo\Astroray\build_cuda\astroray.cp313-win_amd64.pyd,1791117970.823,
vm_camera_inside,astroray-gpu,64,2308.139,1038.9,0.089164,"0.8135,0.8136,0.8138",C:\Users\hgcom\OneDrive\Astroray\Astroray_repo\Astroray\build_cuda\astroray.cp313-win_amd64.pyd,1791117970.823,
vm_glass_shell,cycles-cpu,64,3145.848,360.4,1.000000,,,,
vm_glass_shell,cycles-cuda,64,2657.035,429.2,1.000000,,,,
vm_glass_shell,astroray-cpu,64,5203.325,259.8,0.879618,,C:\Users\hgcom\OneDrive\Astroray\Astroray_repo\Astroray\build_cuda\astroray.cp313-win_amd64.pyd,1791117970.823,
vm_glass_shell,astroray-gpu,64,2293.921,1049.1,0.710163,"0.9104,0.9011,0.8958",C:\Users\hgcom\OneDrive\Astroray\Astroray_repo\Astroray\build_cuda\astroray.cp313-win_amd64.pyd,1791117970.823,
vm_icosphere,cycles-cpu,64,3390.300,360.2,1.000000,,,,
vm_icosphere,cycles-cuda,64,2681.684,441.9,0.999753,,,,
vm_icosphere,astroray-cpu,64,4433.542,254.9,0.734089,,C:\Users\hgcom\OneDrive\Astroray\Astroray_repo\Astroray\build_cuda\astroray.cp313-win_amd64.pyd,1791117970.823,
vm_icosphere,astroray-gpu,64,2278.667,1041.7,0.515291,"0.7649,0.7330,0.7104",C:\Users\hgcom\OneDrive\Astroray\Astroray_repo\Astroray\build_cuda\astroray.cp313-win_amd64.pyd,1791117970.823,
vm_icosphere_empty,cycles-cpu,64,2499.376,356.4,1.000000,,,,
vm_icosphere_empty,cycles-cuda,64,2549.844,441.7,1.000000,,,,
vm_icosphere_empty,astroray-cpu,64,2480.230,242.8,0.977049,,C:\Users\hgcom\OneDrive\Astroray\Astroray_repo\Astroray\build_cuda\astroray.cp313-win_amd64.pyd,1791117970.823,
vm_icosphere_empty,astroray-gpu,64,2175.478,1029.3,0.977048,"1.0000,1.0000,1.0000",C:\Users\hgcom\OneDrive\Astroray\Astroray_repo\Astroray\build_cuda\astroray.cp313-win_amd64.pyd,1791117970.823,
vm_nested,cycles-cpu,64,2917.820,360.6,1.000000,,,,
vm_nested,cycles-cuda,64,2638.662,442.2,0.999866,,,,
vm_nested,astroray-cpu,64,3504.979,254.7,0.877085,,C:\Users\hgcom\OneDrive\Astroray\Astroray_repo\Astroray\build_cuda\astroray.cp313-win_amd64.pyd,1791117970.823,
vm_nested,astroray-gpu,64,2264.840,1033.6,0.665384,"0.8876,0.8918,0.9034",C:\Users\hgcom\OneDrive\Astroray\Astroray_repo\Astroray\build_cuda\astroray.cp313-win_amd64.pyd,1791117970.823,
vm_overlap,cycles-cpu,64,2947.147,360.4,1.000000,,,,
vm_overlap,cycles-cuda,64,2644.823,441.9,0.999897,,,,
vm_overlap,astroray-cpu,64,3813.080,255.4,0.896889,,C:\Users\hgcom\OneDrive\Astroray\Astroray_repo\Astroray\build_cuda\astroray.cp313-win_amd64.pyd,1791117970.823,
vm_overlap,astroray-gpu,64,2270.555,1034.2,0.734852,"0.9093,0.9052,0.9082",C:\Users\hgcom\OneDrive\Astroray\Astroray_repo\Astroray\build_cuda\astroray.cp313-win_amd64.pyd,1791117970.823,
vm_suzanne,cycles-cpu,64,2773.390,360.2,1.000000,,,,
vm_suzanne,cycles-cuda,64,2671.779,442.0,0.999866,,,,
vm_suzanne,astroray-cpu,64,3059.670,254.6,0.931872,,C:\Users\hgcom\OneDrive\Astroray\Astroray_repo\Astroray\build_cuda\astroray.cp313-win_amd64.pyd,1791117970.823,
vm_suzanne,astroray-gpu,64,2259.928,1040.7,0.684227,"0.8076,0.8212,0.8277",C:\Users\hgcom\OneDrive\Astroray\Astroray_repo\Astroray\build_cuda\astroray.cp313-win_amd64.pyd,1791117970.823,
